category,xglm_4
STEM,24.913510454595603
humanities,24.87046818185054
"other (business, health, misc.)",27.344397007441955
social sciences,24.503937147976085
