category,rugpt_13b_our_dataset_en
STEM,23.87224087507945
humanities,25.584045531844346
"other (business, health, misc.)",26.44318771556283
social sciences,22.86649771154711
