category,llama2_13b_lora_our_dataset_ru
STEM,31.843769808571235
humanities,41.76279189362443
"other (business, health, misc.)",40.307628229277505
social sciences,41.56221004231341
