category,llama2_13b_lora_our_dataset_en
STEM,41.43877176642802
humanities,56.47869286362853
"other (business, health, misc.)",53.589392125873374
social sciences,57.76108187567811
