category,rugpt_13b_saiga_ru
STEM,28.588986913671395
humanities,24.611368922386966
"other (business, health, misc.)",25.167676058023286
social sciences,28.805712357367522
