category,xglm_4
STEM,25.666407738884065
humanities,23.436480729876305
"other (business, health, misc.)",26.510472904527326
social sciences,26.610493608810913
