category,rugpt_13b_our_dataset_ru
STEM,23.881639215021444
humanities,24.5624038449482
"other (business, health, misc.)",25.22543424323059
social sciences,22.831250030793942
