category,results
STEM,28.844806750918835
humanities,32.541882959562926
"other (business, health, misc.)",33.369583249836325
social sciences,31.761378001237404
