category,llama_7b_our_dataset_ru
STEM,28.9436155208608
humanities,28.300683260023415
"other (business, health, misc.)",28.464037182663255
social sciences,28.62130013210152
