category,xglm_4
STEM,26.373947006075134
humanities,23.57873219747631
"other (business, health, misc.)",27.427794354073917
social sciences,25.918780190046903
