category,xglm_4
STEM,24.507887431519354
humanities,25.50155881300437
"other (business, health, misc.)",25.267050556926574
social sciences,24.38253165392629
