category,llama2_7b_lora_our_dataset_en
STEM,33.199426758101325
humanities,43.38339983977224
"other (business, health, misc.)",42.47586647646312
social sciences,45.035766826801456
