category,llama_7b_our_dataset_en
STEM,30.816214759932993
humanities,34.24287148611589
"other (business, health, misc.)",31.959773545124623
social sciences,33.04730178030468
