category,rugpt_13b_saiga_en
STEM,28.220588788706173
humanities,26.336401364155872
"other (business, health, misc.)",26.330094868443442
social sciences,26.72593483253172
